﻿<?xml version="1.0" encoding="UTF-8"?>
<!--
  - Application context definition for JPetStore's data access layer.
  - Accessed by business layer objects defined in "applicationContext.xml"
  - (see web.xml's "contextConfigLocation").
  -
  - This version of the data access layer works on a combined database,
  - using a local DataSource with DataSourceTransactionManager. It does not
  - need any JTA support in the container: It will run as-is in plain Tomcat.
  -->
<beans xmlns="http://www.springframework.org/schema/beans"
     xmlns:xsi="http://www.w3.org/2001/XMLSchema-instance"
     xmlns:context="http://www.springframework.org/schema/context"
     xsi:schemaLocation="http://www.springframework.org/schema/context 
	     http://www.springframework.org/schema/context/spring-context.xsd
	     http://www.springframework.org/schema/beans 
	     http://www.springframework.org/schema/beans/spring-beans.xsd">
	     
	<context:component-scan base-package="com.example.jpetstore.dao.jdbc" />

	<!-- JdbcTemplate을 이용한 예제  -->
	<bean id="jdbcTemplate"
		class="org.springframework.jdbc.core.JdbcTemplate">
		<property name="dataSource" ref="dataSource" />
	</bean>	
	<!-- 아래의 DAO bean은  component-scan에 의해 자동 생성됨  -->
	<!-- 
	<bean id="jdbcTemplateCategoryDao"
		class="org.springframework.samples.jpetstore.dao.jdbc.JdbcTemplateCategoryDao">
		<property name="jdbcTemplate" ref="jdbcTemplate" />
	</bean> -->
		
	<!-- NamedParameterJdbcTemplate을 이용한 예제  -->	
	<bean id="namedParameterJdbcTemplate"
		class="org.springframework.jdbc.core.namedparam.NamedParameterJdbcTemplate">
		<constructor-arg>
			<ref bean="dataSource"/>
		</constructor-arg>
	</bean>	
	<!-- 아래의 DAO bean은  component-scan에 의해 자동 생성됨  -->
	<!--
	<bean id="namedParameterJdbcTemplateCategoryDao"
		class="org.springframework.samples.jpetstore.dao.jdbc.NamedParamJdbcTemplateCategoryDao">
		<property name="jdbcTemplate" ref="namedParameterJdbcTemplate" />
	</bean> -->
	
	<!-- JdbcDaoSupport 클래스를 상속받은 구현 예 -->	
	<!-- JdbcCategoryDao는  dataSource를 직접 포함하지 않고 JdbcDaoSupport로부터 상속받기 때문에
		 아래의 DAO bean은  component-scan에 의해 자동 생성 및 dataSource DI 불가  -->  
	<bean id="jdbcDaoSupportCategoryDao"
		class="com.example.jpetstore.dao.jdbc.JdbcDaoSupportCategoryDao">
		<property name="dataSource" ref="dataSource" />
	</bean>
		
	<!-- pure JDBC API를 이용한 예제 -->
	<!-- 아래의 DAO bean은  component-scan에 의해 자동 생성됨  -->
	<!-- 
	<bean id="pureJdbcCategoryDao"
		class="org.springframework.samples.jpetstore.dao.jdbc.PureJdbcCategoryDao">
		<property name="dataSource" ref="dataSource" />
	</bean> -->
</beans>
